{"cameraMode":{"drawMode":0,"name":"Shaded","section":"Shading Mode"},"sceneLighting":true,"audioPlay":false,"sceneViewState":{"showFog":true,"showMaterialUpdate":false,"showSkybox":true,"showFlares":true,"showImageEffects":true,"showParticleSystems":true},"in2DMode":false,"pivot":{"x":0.16808509826660157,"y":0.02655029296875,"z":-0.14555832743644715},"rotation":{"x":0.4553620219230652,"y":0.5419396758079529,"z":-0.4614138901233673,"w":0.5348387360572815},"size":12.317571640014649,"orthographic":false}